,COSMIC_ID,Cell_Line_Name,Tissue,Cancer_Type,Histology,Growth_Properties,Doubling_Time
0,GDSC_0001,CL_0001,liver,sarcoma,primary,adherent,55.919636508684306
1,GDSC_0002,CL_0002,liver,mesothelioma,primary,adherent,15.485016730091967
2,GDSC_0003,CL_0003,brain,glioma,metastasis,adherent,13.235069657748147
3,GDSC_0004,CL_0004,breast,glioma,metastasis,suspension,24.74034664069657
4,GDSC_0005,CL_0005,lung,mesothelioma,metastasis,adherent,37.916701118526944
5,GDSC_0006,CL_0006,upper_aerodigestive_tract,mesothelioma,metastasis,suspension,70.42533113048755
6,GDSC_0007,CL_0007,thyroid,squamous_cell_carcinoma,metastasis,adherent,70.9938531484073
7,GDSC_0008,CL_0008,colon,leukemia,primary,adherent,22.23144742123749
8,GDSC_0009,CL_0009,liver,adenocarcinoma,metastasis,adherent,69.93792198447356
9,GDSC_0010,CL_0010,ovary,mesothelioma,primary,suspension,53.053981590729414
10,GDSC_0011,CL_0011,thyroid,melanoma,metastasis,adherent,61.99169470416986
11,GDSC_0012,CL_0012,colon,carcinoma,metastasis,suspension,51.75133706123892
12,GDSC_0013,CL_0013,breast,lymphoma,metastasis,suspension,46.062019669199486
13,GDSC_0014,CL_0014,stomach,adenocarcinoma,metastasis,suspension,67.59953194762765
14,GDSC_0015,CL_0015,urogenital_system,glioma,metastasis,adherent,43.25005560154942
15,GDSC_0016,CL_0016,kidney,leukemia,metastasis,adherent,28.280941906433753
16,GDSC_0017,CL_0017,bone,neuroblastoma,primary,adherent,21.91601634378015
17,GDSC_0018,CL_0018,liver,neuroblastoma,metastasis,adherent,23.922940892050345
18,GDSC_0019,CL_0019,prostate,squamous_cell_carcinoma,primary,suspension,55.74043008245924
19,GDSC_0020,CL_0020,lung,leukemia,metastasis,adherent,51.06462153011667
20,GDSC_0021,CL_0021,liver,neuroblastoma,metastasis,suspension,31.85388149115895
21,GDSC_0022,CL_0022,urogenital_system,melanoma,primary,suspension,31.51099932160482
22,GDSC_0023,CL_0023,colon,glioma,metastasis,adherent,45.67460555086207
23,GDSC_0024,CL_0024,colon,leukemia,primary,suspension,62.93482945596503
24,GDSC_0025,CL_0025,skin,mesothelioma,primary,adherent,27.364099365679436
25,GDSC_0026,CL_0026,ovary,mesothelioma,metastasis,suspension,18.473485619598268
26,GDSC_0027,CL_0027,liver,carcinoma,metastasis,adherent,42.514241469882165
27,GDSC_0028,CL_0028,skin,melanoma,primary,adherent,44.39046547810039
28,GDSC_0029,CL_0029,brain,melanoma,primary,adherent,21.673277235240263
29,GDSC_0030,CL_0030,breast,mesothelioma,primary,suspension,50.00422539062541
30,GDSC_0031,CL_0031,blood,sarcoma,metastasis,suspension,44.36053451493904
31,GDSC_0032,CL_0032,liver,carcinoma,primary,adherent,50.86140723248174
32,GDSC_0033,CL_0033,bone,neuroblastoma,primary,adherent,21.879351188576504
33,GDSC_0034,CL_0034,ovary,leukemia,primary,adherent,28.16474002791129
34,GDSC_0035,CL_0035,thyroid,lymphoma,metastasis,suspension,45.48612012104047
35,GDSC_0036,CL_0036,upper_aerodigestive_tract,carcinoma,metastasis,suspension,26.81256377031607
36,GDSC_0037,CL_0037,liver,adenocarcinoma,primary,adherent,20.885215797203994
37,GDSC_0038,CL_0038,upper_aerodigestive_tract,carcinoma,metastasis,suspension,36.66222079909387
38,GDSC_0039,CL_0039,skin,carcinoma,primary,adherent,52.84232709328601
39,GDSC_0040,CL_0040,stomach,mesothelioma,metastasis,suspension,26.523316290690026
40,GDSC_0041,CL_0041,brain,melanoma,primary,suspension,26.25825263954398
41,GDSC_0042,CL_0042,blood,glioma,primary,suspension,71.00538845369057
42,GDSC_0043,CL_0043,prostate,carcinoma,primary,suspension,42.49192660444312
43,GDSC_0044,CL_0044,urogenital_system,squamous_cell_carcinoma,metastasis,suspension,52.653861710536944
44,GDSC_0045,CL_0045,colon,squamous_cell_carcinoma,metastasis,suspension,17.770593065485244
45,GDSC_0046,CL_0046,ovary,carcinoma,metastasis,suspension,43.06508103164881
46,GDSC_0047,CL_0047,kidney,carcinoma,primary,suspension,56.11296715444633
47,GDSC_0048,CL_0048,pancreas,squamous_cell_carcinoma,primary,suspension,22.49729562575617
48,GDSC_0049,CL_0049,urogenital_system,neuroblastoma,metastasis,suspension,27.64975048982454
49,GDSC_0050,CL_0050,lung,leukemia,primary,suspension,49.986087436396076
50,GDSC_0051,CL_0051,ovary,neuroblastoma,primary,adherent,55.557340732214364
51,GDSC_0052,CL_0052,colon,sarcoma,metastasis,suspension,58.79253275145743
52,GDSC_0053,CL_0053,prostate,carcinoma,metastasis,suspension,65.91325131162475
53,GDSC_0054,CL_0054,colon,neuroblastoma,primary,adherent,12.30369503077312
54,GDSC_0055,CL_0055,soft_tissue,adenocarcinoma,metastasis,suspension,38.90544857917484
55,GDSC_0056,CL_0056,ovary,sarcoma,primary,suspension,26.234945249808003
56,GDSC_0057,CL_0057,urogenital_system,sarcoma,metastasis,suspension,56.65023138339374
57,GDSC_0058,CL_0058,colon,carcinoma,metastasis,adherent,44.55241383329396
58,GDSC_0059,CL_0059,soft_tissue,lymphoma,metastasis,adherent,41.20452917756731
59,GDSC_0060,CL_0060,kidney,adenocarcinoma,primary,suspension,50.70620172183389
60,GDSC_0061,CL_0061,thyroid,carcinoma,primary,suspension,55.34712691569032
61,GDSC_0062,CL_0062,brain,squamous_cell_carcinoma,metastasis,adherent,14.616226305266025
62,GDSC_0063,CL_0063,stomach,leukemia,metastasis,adherent,56.86312643384483
63,GDSC_0064,CL_0064,skin,glioma,primary,adherent,45.165898010129396
64,GDSC_0065,CL_0065,colon,carcinoma,metastasis,adherent,30.34182115723091
65,GDSC_0066,CL_0066,lung,squamous_cell_carcinoma,metastasis,suspension,45.40807574750101
66,GDSC_0067,CL_0067,colon,glioma,metastasis,suspension,24.535123056921613
67,GDSC_0068,CL_0068,thyroid,lymphoma,primary,suspension,27.249818944184327
68,GDSC_0069,CL_0069,pancreas,adenocarcinoma,metastasis,adherent,62.920187695480465
69,GDSC_0070,CL_0070,ovary,lymphoma,metastasis,adherent,29.615510655869603
70,GDSC_0071,CL_0071,colon,adenocarcinoma,primary,suspension,66.79443315338828
71,GDSC_0072,CL_0072,liver,neuroblastoma,metastasis,adherent,23.656437210722533
72,GDSC_0073,CL_0073,kidney,squamous_cell_carcinoma,primary,adherent,34.53497715839664
73,GDSC_0074,CL_0074,breast,melanoma,primary,suspension,31.689160048483917
74,GDSC_0075,CL_0075,upper_aerodigestive_tract,sarcoma,metastasis,suspension,30.19593088039337
75,GDSC_0076,CL_0076,prostate,leukemia,primary,suspension,58.19961318591665
76,GDSC_0077,CL_0077,stomach,leukemia,primary,suspension,62.52138450071888
77,GDSC_0078,CL_0078,thyroid,squamous_cell_carcinoma,primary,suspension,55.56548002335969
78,GDSC_0079,CL_0079,bone,adenocarcinoma,metastasis,suspension,31.37738837647476
79,GDSC_0080,CL_0080,upper_aerodigestive_tract,glioma,primary,adherent,38.338285242338166
80,GDSC_0081,CL_0081,skin,mesothelioma,primary,suspension,62.15880723073235
81,GDSC_0082,CL_0082,ovary,leukemia,primary,suspension,66.91282365758883
82,GDSC_0083,CL_0083,thyroid,adenocarcinoma,metastasis,suspension,17.632397404877505
83,GDSC_0084,CL_0084,kidney,leukemia,primary,suspension,43.001775445594
84,GDSC_0085,CL_0085,skin,lymphoma,primary,adherent,14.862967661498928
85,GDSC_0086,CL_0086,urogenital_system,squamous_cell_carcinoma,primary,suspension,12.863609317785352
86,GDSC_0087,CL_0087,soft_tissue,leukemia,primary,adherent,30.684798563477653
87,GDSC_0088,CL_0088,skin,mesothelioma,metastasis,suspension,60.41477862304677
88,GDSC_0089,CL_0089,brain,carcinoma,metastasis,suspension,50.9864209585658
89,GDSC_0090,CL_0090,pancreas,lymphoma,primary,suspension,14.718240586322672
90,GDSC_0091,CL_0091,pancreas,mesothelioma,primary,suspension,42.06239303491555
91,GDSC_0092,CL_0092,skin,sarcoma,metastasis,suspension,68.63349627364543
92,GDSC_0093,CL_0093,breast,carcinoma,metastasis,suspension,50.18421584676068
93,GDSC_0094,CL_0094,stomach,adenocarcinoma,primary,suspension,19.71002119403461
94,GDSC_0095,CL_0095,prostate,leukemia,metastasis,adherent,61.22561062627609
95,GDSC_0096,CL_0096,kidney,mesothelioma,primary,suspension,28.437667639268025
96,GDSC_0097,CL_0097,stomach,adenocarcinoma,primary,adherent,49.09523306027357
97,GDSC_0098,CL_0098,upper_aerodigestive_tract,mesothelioma,metastasis,adherent,62.69251865816727
98,GDSC_0099,CL_0099,breast,squamous_cell_carcinoma,primary,adherent,19.089889657299373
99,GDSC_0100,CL_0100,bone,glioma,metastasis,adherent,60.208855823090914
100,GDSC_0101,CL_0101,brain,mesothelioma,primary,adherent,46.1112170249975
101,GDSC_0102,CL_0102,colon,carcinoma,primary,suspension,19.661383765347935
102,GDSC_0103,CL_0103,upper_aerodigestive_tract,melanoma,metastasis,suspension,64.02699643258332
103,GDSC_0104,CL_0104,skin,carcinoma,primary,adherent,56.39452562684247
104,GDSC_0105,CL_0105,colon,neuroblastoma,metastasis,adherent,44.059648411833805
105,GDSC_0106,CL_0106,urogenital_system,neuroblastoma,metastasis,adherent,65.73139370977202
106,GDSC_0107,CL_0107,upper_aerodigestive_tract,sarcoma,metastasis,adherent,66.32291858515582
107,GDSC_0108,CL_0108,stomach,neuroblastoma,primary,suspension,69.0037180230483
108,GDSC_0109,CL_0109,thyroid,leukemia,primary,adherent,48.14645555406714
109,GDSC_0110,CL_0110,brain,leukemia,primary,suspension,59.37708856767323
110,GDSC_0111,CL_0111,bone,leukemia,metastasis,suspension,15.453525600998656
111,GDSC_0112,CL_0112,skin,squamous_cell_carcinoma,primary,adherent,33.05490075312472
112,GDSC_0113,CL_0113,thyroid,neuroblastoma,metastasis,suspension,49.09308379897566
113,GDSC_0114,CL_0114,blood,melanoma,metastasis,adherent,25.354585054261833
114,GDSC_0115,CL_0115,ovary,adenocarcinoma,primary,suspension,20.79628930152153
115,GDSC_0116,CL_0116,skin,lymphoma,primary,suspension,34.45624774536722
116,GDSC_0117,CL_0117,lung,lymphoma,metastasis,adherent,68.83491464303152
117,GDSC_0118,CL_0118,bone,sarcoma,metastasis,suspension,54.49087173499199
118,GDSC_0119,CL_0119,stomach,lymphoma,primary,adherent,26.923449265817275
119,GDSC_0120,CL_0120,liver,squamous_cell_carcinoma,primary,adherent,36.31212520688503
120,GDSC_0121,CL_0121,kidney,neuroblastoma,primary,adherent,52.86236562581454
121,GDSC_0122,CL_0122,upper_aerodigestive_tract,neuroblastoma,metastasis,adherent,25.41575031116716
122,GDSC_0123,CL_0123,blood,mesothelioma,metastasis,adherent,70.19272960245834
123,GDSC_0124,CL_0124,thyroid,leukemia,metastasis,suspension,67.47859981341576
124,GDSC_0125,CL_0125,skin,sarcoma,primary,adherent,70.15815213714593
125,GDSC_0126,CL_0126,thyroid,neuroblastoma,primary,suspension,29.66963681036579
126,GDSC_0127,CL_0127,lung,leukemia,metastasis,suspension,35.05210988275319
127,GDSC_0128,CL_0128,prostate,mesothelioma,metastasis,suspension,65.41582703345497
128,GDSC_0129,CL_0129,stomach,glioma,metastasis,adherent,28.64287097886796
129,GDSC_0130,CL_0130,brain,mesothelioma,metastasis,suspension,25.76368474229698
130,GDSC_0131,CL_0131,skin,neuroblastoma,metastasis,suspension,39.194450809729865
131,GDSC_0132,CL_0132,upper_aerodigestive_tract,neuroblastoma,primary,adherent,60.827701182416924
132,GDSC_0133,CL_0133,urogenital_system,squamous_cell_carcinoma,primary,suspension,68.98799479751544
133,GDSC_0134,CL_0134,skin,neuroblastoma,metastasis,suspension,67.9637090012408
134,GDSC_0135,CL_0135,bone,leukemia,primary,suspension,34.58780201268298
135,GDSC_0136,CL_0136,lung,adenocarcinoma,metastasis,adherent,21.02501346621169
136,GDSC_0137,CL_0137,upper_aerodigestive_tract,carcinoma,metastasis,adherent,36.889170140259914
137,GDSC_0138,CL_0138,lung,leukemia,metastasis,adherent,63.883342575303196
138,GDSC_0139,CL_0139,upper_aerodigestive_tract,leukemia,primary,adherent,71.79821022443433
139,GDSC_0140,CL_0140,skin,leukemia,primary,suspension,62.97884344064469
140,GDSC_0141,CL_0141,upper_aerodigestive_tract,leukemia,metastasis,adherent,19.7495649090897
141,GDSC_0142,CL_0142,bone,sarcoma,metastasis,adherent,52.30204106435141
142,GDSC_0143,CL_0143,breast,glioma,primary,suspension,41.88991119875357
143,GDSC_0144,CL_0144,colon,adenocarcinoma,metastasis,adherent,45.114410326469134
144,GDSC_0145,CL_0145,skin,neuroblastoma,primary,suspension,40.80275802110851
145,GDSC_0146,CL_0146,thyroid,leukemia,primary,suspension,54.244786085953415
146,GDSC_0147,CL_0147,liver,lymphoma,metastasis,suspension,70.82776350554268
147,GDSC_0148,CL_0148,breast,adenocarcinoma,metastasis,adherent,38.248495321423746
148,GDSC_0149,CL_0149,breast,sarcoma,primary,suspension,39.054626844966265
149,GDSC_0150,CL_0150,thyroid,melanoma,metastasis,adherent,53.8585122896078
150,GDSC_0151,CL_0151,brain,mesothelioma,metastasis,adherent,41.52697758477229
151,GDSC_0152,CL_0152,skin,adenocarcinoma,metastasis,adherent,32.844804493524855
152,GDSC_0153,CL_0153,prostate,squamous_cell_carcinoma,primary,adherent,39.60714953901432
153,GDSC_0154,CL_0154,urogenital_system,lymphoma,metastasis,suspension,22.80403634095791
154,GDSC_0155,CL_0155,brain,glioma,primary,adherent,64.45905629126503
155,GDSC_0156,CL_0156,skin,adenocarcinoma,metastasis,suspension,22.62062905660481
156,GDSC_0157,CL_0157,blood,carcinoma,primary,adherent,33.35948905631917
157,GDSC_0158,CL_0158,soft_tissue,adenocarcinoma,primary,suspension,31.805970798609323
158,GDSC_0159,CL_0159,ovary,mesothelioma,primary,adherent,49.67402336945447
159,GDSC_0160,CL_0160,thyroid,glioma,metastasis,adherent,67.25234403190879
160,GDSC_0161,CL_0161,upper_aerodigestive_tract,mesothelioma,metastasis,adherent,17.071020460840916
161,GDSC_0162,CL_0162,colon,sarcoma,primary,adherent,34.22832616748292
162,GDSC_0163,CL_0163,soft_tissue,mesothelioma,metastasis,adherent,43.875945238412044
163,GDSC_0164,CL_0164,breast,mesothelioma,metastasis,adherent,27.146216660641244
164,GDSC_0165,CL_0165,liver,squamous_cell_carcinoma,primary,adherent,42.70064652693997
165,GDSC_0166,CL_0166,thyroid,adenocarcinoma,metastasis,suspension,43.95703598730139
166,GDSC_0167,CL_0167,thyroid,neuroblastoma,primary,adherent,22.937032708557485
167,GDSC_0168,CL_0168,liver,neuroblastoma,primary,adherent,17.35225972272337
168,GDSC_0169,CL_0169,stomach,neuroblastoma,primary,adherent,47.61554721324292
169,GDSC_0170,CL_0170,brain,mesothelioma,primary,adherent,41.90653193574344
170,GDSC_0171,CL_0171,thyroid,sarcoma,primary,suspension,47.210467081252744
171,GDSC_0172,CL_0172,kidney,glioma,primary,suspension,19.654818167733826
172,GDSC_0173,CL_0173,ovary,leukemia,metastasis,suspension,50.755034479896075
173,GDSC_0174,CL_0174,breast,glioma,primary,adherent,31.82090887685484
174,GDSC_0175,CL_0175,lung,leukemia,metastasis,adherent,21.171548351059922
175,GDSC_0176,CL_0176,urogenital_system,sarcoma,metastasis,adherent,17.27325747240863
176,GDSC_0177,CL_0177,ovary,melanoma,primary,adherent,13.094548885701663
177,GDSC_0178,CL_0178,skin,sarcoma,metastasis,adherent,65.79661577844125
178,GDSC_0179,CL_0179,prostate,sarcoma,primary,suspension,70.50402977670855
179,GDSC_0180,CL_0180,blood,squamous_cell_carcinoma,metastasis,adherent,55.10743625019322
180,GDSC_0181,CL_0181,prostate,glioma,metastasis,adherent,62.31495352215749
181,GDSC_0182,CL_0182,skin,lymphoma,metastasis,suspension,54.657148730204895
182,GDSC_0183,CL_0183,lung,sarcoma,primary,suspension,18.890209484352212
183,GDSC_0184,CL_0184,soft_tissue,lymphoma,primary,suspension,21.26176291645214
184,GDSC_0185,CL_0185,brain,squamous_cell_carcinoma,primary,suspension,32.196256691635234
185,GDSC_0186,CL_0186,pancreas,leukemia,primary,suspension,71.39761394339672
186,GDSC_0187,CL_0187,bone,glioma,metastasis,suspension,27.278439285825833
187,GDSC_0188,CL_0188,skin,neuroblastoma,primary,adherent,47.738324436470656
188,GDSC_0189,CL_0189,blood,melanoma,primary,suspension,18.401955006806162
189,GDSC_0190,CL_0190,skin,adenocarcinoma,metastasis,adherent,55.85204851221866
190,GDSC_0191,CL_0191,ovary,adenocarcinoma,metastasis,adherent,15.98977604200665
191,GDSC_0192,CL_0192,kidney,lymphoma,metastasis,suspension,58.89086890508489
192,GDSC_0193,CL_0193,prostate,neuroblastoma,primary,suspension,59.972227855170935
193,GDSC_0194,CL_0194,colon,leukemia,primary,adherent,26.141504763899984
194,GDSC_0195,CL_0195,soft_tissue,mesothelioma,metastasis,suspension,30.971794937789678
195,GDSC_0196,CL_0196,pancreas,neuroblastoma,metastasis,suspension,39.116916077942356
196,GDSC_0197,CL_0197,kidney,squamous_cell_carcinoma,primary,suspension,44.38686371487798
197,GDSC_0198,CL_0198,thyroid,carcinoma,primary,adherent,65.97447439647411
198,GDSC_0199,CL_0199,breast,leukemia,metastasis,suspension,49.454279754839526
199,GDSC_0200,CL_0200,blood,lymphoma,primary,adherent,55.832948208558086
200,GDSC_0201,CL_0201,pancreas,sarcoma,primary,adherent,49.20436535571081
201,GDSC_0202,CL_0202,liver,sarcoma,primary,suspension,57.14418720232936
202,GDSC_0203,CL_0203,skin,melanoma,primary,suspension,24.272675590167797
203,GDSC_0204,CL_0204,breast,mesothelioma,primary,adherent,57.27811751160699
204,GDSC_0205,CL_0205,blood,sarcoma,primary,suspension,48.23747232435075
205,GDSC_0206,CL_0206,thyroid,glioma,primary,adherent,25.755083713958488
206,GDSC_0207,CL_0207,stomach,adenocarcinoma,primary,adherent,47.90656207231362
207,GDSC_0208,CL_0208,brain,sarcoma,metastasis,adherent,47.94176188663959
208,GDSC_0209,CL_0209,prostate,mesothelioma,metastasis,suspension,25.641058981799222
209,GDSC_0210,CL_0210,thyroid,mesothelioma,metastasis,adherent,21.201084186964813
210,GDSC_0211,CL_0211,bone,glioma,metastasis,suspension,48.68725412607887
211,GDSC_0212,CL_0212,thyroid,glioma,metastasis,adherent,67.92709694901674
212,GDSC_0213,CL_0213,brain,sarcoma,primary,suspension,13.381356287258251
213,GDSC_0214,CL_0214,pancreas,carcinoma,metastasis,adherent,48.40290278297135
214,GDSC_0215,CL_0215,soft_tissue,glioma,primary,suspension,66.64117189534278
215,GDSC_0216,CL_0216,lung,leukemia,primary,suspension,62.33388518675605
216,GDSC_0217,CL_0217,lung,lymphoma,primary,adherent,47.476526144695754
217,GDSC_0218,CL_0218,thyroid,neuroblastoma,primary,adherent,24.33478850253825
218,GDSC_0219,CL_0219,ovary,squamous_cell_carcinoma,primary,suspension,44.24373617627537
219,GDSC_0220,CL_0220,prostate,lymphoma,metastasis,adherent,32.817192113773665
220,GDSC_0221,CL_0221,breast,carcinoma,metastasis,adherent,13.970800214606301
221,GDSC_0222,CL_0222,liver,sarcoma,metastasis,adherent,66.890754064086
222,GDSC_0223,CL_0223,upper_aerodigestive_tract,lymphoma,metastasis,suspension,24.760847060473576
223,GDSC_0224,CL_0224,upper_aerodigestive_tract,melanoma,primary,suspension,39.53933928102078
224,GDSC_0225,CL_0225,kidney,carcinoma,primary,adherent,30.596215576116656
225,GDSC_0226,CL_0226,upper_aerodigestive_tract,glioma,primary,suspension,29.642680753258293
226,GDSC_0227,CL_0227,thyroid,adenocarcinoma,metastasis,suspension,38.44576481629369
227,GDSC_0228,CL_0228,blood,squamous_cell_carcinoma,primary,suspension,22.91568782971627
228,GDSC_0229,CL_0229,liver,squamous_cell_carcinoma,metastasis,suspension,28.244680388613226
229,GDSC_0230,CL_0230,soft_tissue,adenocarcinoma,metastasis,adherent,13.523181339620692
230,GDSC_0231,CL_0231,liver,glioma,primary,adherent,25.318329715976965
231,GDSC_0232,CL_0232,kidney,lymphoma,primary,adherent,46.16661106581002
232,GDSC_0233,CL_0233,lung,glioma,metastasis,adherent,26.590331459967246
233,GDSC_0234,CL_0234,soft_tissue,glioma,metastasis,adherent,69.75895911329248
234,GDSC_0235,CL_0235,skin,lymphoma,primary,suspension,29.588863815660794
235,GDSC_0236,CL_0236,urogenital_system,adenocarcinoma,primary,suspension,17.130511851268086
236,GDSC_0237,CL_0237,urogenital_system,squamous_cell_carcinoma,metastasis,adherent,37.28547303554988
237,GDSC_0238,CL_0238,breast,carcinoma,primary,adherent,32.509041101872555
238,GDSC_0239,CL_0239,pancreas,adenocarcinoma,primary,adherent,14.053686649231746
239,GDSC_0240,CL_0240,skin,leukemia,metastasis,suspension,45.12283085111881
240,GDSC_0241,CL_0241,breast,leukemia,metastasis,adherent,68.9071984177294
241,GDSC_0242,CL_0242,stomach,glioma,primary,suspension,45.946597197993626
242,GDSC_0243,CL_0243,soft_tissue,melanoma,metastasis,suspension,37.512810268154006
243,GDSC_0244,CL_0244,upper_aerodigestive_tract,neuroblastoma,metastasis,suspension,50.00869318956884
244,GDSC_0245,CL_0245,liver,neuroblastoma,metastasis,suspension,62.09581420795795
245,GDSC_0246,CL_0246,brain,mesothelioma,metastasis,adherent,22.30075715089821
246,GDSC_0247,CL_0247,skin,lymphoma,metastasis,suspension,19.065064973408468
247,GDSC_0248,CL_0248,brain,neuroblastoma,metastasis,suspension,45.2506801509476
248,GDSC_0249,CL_0249,blood,mesothelioma,metastasis,adherent,18.39472380772046
249,GDSC_0250,CL_0250,blood,glioma,metastasis,suspension,49.98588380144685
250,GDSC_0251,CL_0251,liver,mesothelioma,primary,adherent,37.12623149352439
251,GDSC_0252,CL_0252,soft_tissue,adenocarcinoma,metastasis,suspension,56.282016985582224
252,GDSC_0253,CL_0253,brain,squamous_cell_carcinoma,metastasis,adherent,35.35773684251859
253,GDSC_0254,CL_0254,kidney,sarcoma,primary,adherent,29.827302937390503
254,GDSC_0255,CL_0255,colon,lymphoma,metastasis,adherent,51.820269921758886
255,GDSC_0256,CL_0256,skin,glioma,primary,suspension,13.87098810367708
256,GDSC_0257,CL_0257,colon,sarcoma,primary,adherent,41.781974832074184
257,GDSC_0258,CL_0258,bone,adenocarcinoma,primary,suspension,40.45423852202218
258,GDSC_0259,CL_0259,ovary,neuroblastoma,metastasis,adherent,36.76761303640514
259,GDSC_0260,CL_0260,prostate,glioma,metastasis,adherent,26.784121994346407
260,GDSC_0261,CL_0261,colon,adenocarcinoma,primary,suspension,53.68178825126561
261,GDSC_0262,CL_0262,blood,adenocarcinoma,metastasis,adherent,30.875793408564654
262,GDSC_0263,CL_0263,upper_aerodigestive_tract,carcinoma,metastasis,adherent,38.76034637747735
263,GDSC_0264,CL_0264,thyroid,glioma,primary,suspension,50.33696312005571
264,GDSC_0265,CL_0265,upper_aerodigestive_tract,melanoma,primary,suspension,50.23389478736921
265,GDSC_0266,CL_0266,kidney,neuroblastoma,metastasis,adherent,50.7998951470298
266,GDSC_0267,CL_0267,ovary,mesothelioma,primary,suspension,54.33451035094131
267,GDSC_0268,CL_0268,liver,carcinoma,primary,suspension,46.07671383315777
268,GDSC_0269,CL_0269,liver,leukemia,primary,adherent,23.555941667137827
269,GDSC_0270,CL_0270,kidney,adenocarcinoma,primary,adherent,59.72051027754584
270,GDSC_0271,CL_0271,liver,squamous_cell_carcinoma,metastasis,adherent,61.73492844904064
271,GDSC_0272,CL_0272,upper_aerodigestive_tract,glioma,primary,suspension,19.234013146636727
272,GDSC_0273,CL_0273,breast,squamous_cell_carcinoma,primary,adherent,32.39249782608397
273,GDSC_0274,CL_0274,stomach,melanoma,primary,suspension,44.36947754252023
274,GDSC_0275,CL_0275,bone,adenocarcinoma,primary,suspension,37.609023399291864
275,GDSC_0276,CL_0276,stomach,adenocarcinoma,primary,adherent,64.2059324340558
276,GDSC_0277,CL_0277,bone,adenocarcinoma,metastasis,suspension,59.92699414641992
277,GDSC_0278,CL_0278,liver,sarcoma,primary,suspension,17.31260463681709
278,GDSC_0279,CL_0279,stomach,neuroblastoma,metastasis,suspension,28.301218264140246
279,GDSC_0280,CL_0280,pancreas,neuroblastoma,primary,adherent,43.35115149807139
280,GDSC_0281,CL_0281,lung,carcinoma,primary,adherent,33.277329458446594
281,GDSC_0282,CL_0282,brain,adenocarcinoma,metastasis,adherent,14.525591378181712
282,GDSC_0283,CL_0283,lung,leukemia,metastasis,adherent,37.66638802415174
283,GDSC_0284,CL_0284,upper_aerodigestive_tract,neuroblastoma,metastasis,suspension,25.09523327190385
284,GDSC_0285,CL_0285,skin,leukemia,primary,suspension,37.0548465470957
285,GDSC_0286,CL_0286,soft_tissue,glioma,primary,suspension,48.80468335264246
286,GDSC_0287,CL_0287,liver,sarcoma,metastasis,adherent,36.094814185529245
287,GDSC_0288,CL_0288,bone,mesothelioma,primary,suspension,35.045436689474975
288,GDSC_0289,CL_0289,ovary,carcinoma,metastasis,adherent,61.57234174763795
289,GDSC_0290,CL_0290,skin,leukemia,metastasis,adherent,24.97944138219321
290,GDSC_0291,CL_0291,ovary,squamous_cell_carcinoma,metastasis,suspension,43.50189005161609
291,GDSC_0292,CL_0292,pancreas,squamous_cell_carcinoma,metastasis,suspension,53.761237083227535
292,GDSC_0293,CL_0293,colon,squamous_cell_carcinoma,metastasis,adherent,25.429056889357383
293,GDSC_0294,CL_0294,thyroid,neuroblastoma,primary,suspension,46.80517247026867
294,GDSC_0295,CL_0295,breast,neuroblastoma,metastasis,adherent,28.377562491378896
295,GDSC_0296,CL_0296,ovary,squamous_cell_carcinoma,primary,suspension,63.72765703592704
296,GDSC_0297,CL_0297,ovary,glioma,primary,adherent,56.112759271407164
297,GDSC_0298,CL_0298,breast,glioma,metastasis,adherent,12.304928389081558
298,GDSC_0299,CL_0299,skin,mesothelioma,metastasis,suspension,69.72731835552298
299,GDSC_0300,CL_0300,urogenital_system,leukemia,primary,adherent,15.691021574354103
300,GDSC_0301,CL_0301,bone,squamous_cell_carcinoma,metastasis,adherent,32.86855247413158
301,GDSC_0302,CL_0302,breast,glioma,primary,adherent,28.02169621016528
302,GDSC_0303,CL_0303,blood,glioma,primary,suspension,51.50711007950553
303,GDSC_0304,CL_0304,lung,neuroblastoma,primary,adherent,26.32140187806105
304,GDSC_0305,CL_0305,pancreas,sarcoma,primary,adherent,57.16299837345847
305,GDSC_0306,CL_0306,liver,leukemia,primary,adherent,64.31061166471392
306,GDSC_0307,CL_0307,pancreas,mesothelioma,metastasis,adherent,25.71750969149541
307,GDSC_0308,CL_0308,liver,adenocarcinoma,metastasis,suspension,61.92805067746451
308,GDSC_0309,CL_0309,stomach,melanoma,metastasis,suspension,17.04589346807908
309,GDSC_0310,CL_0310,upper_aerodigestive_tract,neuroblastoma,primary,suspension,27.588214863849586
310,GDSC_0311,CL_0311,bone,squamous_cell_carcinoma,metastasis,suspension,29.000576895934895
311,GDSC_0312,CL_0312,liver,mesothelioma,primary,suspension,62.407290164473125
312,GDSC_0313,CL_0313,thyroid,leukemia,primary,suspension,68.23370923418707
313,GDSC_0314,CL_0314,brain,adenocarcinoma,metastasis,adherent,21.98265521593634
314,GDSC_0315,CL_0315,stomach,lymphoma,primary,suspension,40.41443330610531
315,GDSC_0316,CL_0316,soft_tissue,sarcoma,primary,adherent,47.66375155371272
316,GDSC_0317,CL_0317,stomach,melanoma,primary,adherent,61.290776844446455
317,GDSC_0318,CL_0318,thyroid,squamous_cell_carcinoma,primary,suspension,12.061768790738004
318,GDSC_0319,CL_0319,breast,adenocarcinoma,primary,suspension,37.57087813415838
319,GDSC_0320,CL_0320,bone,neuroblastoma,primary,adherent,59.68857292499576
320,GDSC_0321,CL_0321,prostate,sarcoma,metastasis,suspension,58.36936680100827
321,GDSC_0322,CL_0322,prostate,squamous_cell_carcinoma,primary,suspension,21.063473506854013
322,GDSC_0323,CL_0323,thyroid,leukemia,primary,suspension,35.855663877767654
323,GDSC_0324,CL_0324,skin,squamous_cell_carcinoma,primary,adherent,31.244564426287646
324,GDSC_0325,CL_0325,blood,adenocarcinoma,primary,adherent,13.868044973070681
325,GDSC_0326,CL_0326,stomach,adenocarcinoma,primary,suspension,40.392594401493426
326,GDSC_0327,CL_0327,kidney,neuroblastoma,primary,adherent,58.59581116750451
327,GDSC_0328,CL_0328,thyroid,adenocarcinoma,metastasis,adherent,49.573219297884926
328,GDSC_0329,CL_0329,stomach,leukemia,metastasis,suspension,70.05067581682667
329,GDSC_0330,CL_0330,soft_tissue,neuroblastoma,metastasis,suspension,47.89963590734562
330,GDSC_0331,CL_0331,stomach,sarcoma,metastasis,adherent,24.031483602020202
331,GDSC_0332,CL_0332,breast,glioma,metastasis,adherent,71.06108444417424
332,GDSC_0333,CL_0333,upper_aerodigestive_tract,glioma,primary,suspension,52.82739758155952
333,GDSC_0334,CL_0334,soft_tissue,lymphoma,metastasis,adherent,53.69891316759255
334,GDSC_0335,CL_0335,lung,lymphoma,primary,suspension,55.457118487584715
335,GDSC_0336,CL_0336,ovary,carcinoma,metastasis,adherent,46.254270110649855
336,GDSC_0337,CL_0337,thyroid,lymphoma,metastasis,suspension,54.147898232646234
337,GDSC_0338,CL_0338,pancreas,glioma,metastasis,suspension,31.587678494639512
338,GDSC_0339,CL_0339,breast,carcinoma,primary,adherent,33.037615872550845
339,GDSC_0340,CL_0340,lung,sarcoma,metastasis,suspension,31.32568213316012
340,GDSC_0341,CL_0341,blood,melanoma,metastasis,suspension,53.591636449360855
341,GDSC_0342,CL_0342,thyroid,adenocarcinoma,metastasis,adherent,52.223127501264734
342,GDSC_0343,CL_0343,kidney,squamous_cell_carcinoma,primary,suspension,47.686598242616164
343,GDSC_0344,CL_0344,ovary,melanoma,primary,suspension,29.93015318023883
344,GDSC_0345,CL_0345,stomach,glioma,metastasis,suspension,49.51827961283687
345,GDSC_0346,CL_0346,thyroid,melanoma,primary,suspension,45.180087155517505
346,GDSC_0347,CL_0347,blood,mesothelioma,metastasis,suspension,40.854229886939095
347,GDSC_0348,CL_0348,ovary,mesothelioma,metastasis,adherent,55.4895935924435
348,GDSC_0349,CL_0349,stomach,melanoma,metastasis,adherent,40.75673571457724
349,GDSC_0350,CL_0350,soft_tissue,sarcoma,primary,suspension,64.30996673838727
350,GDSC_0351,CL_0351,stomach,adenocarcinoma,metastasis,suspension,51.1957811542398
351,GDSC_0352,CL_0352,skin,glioma,primary,adherent,51.01954118081621
352,GDSC_0353,CL_0353,pancreas,squamous_cell_carcinoma,primary,adherent,16.33190453875055
353,GDSC_0354,CL_0354,thyroid,carcinoma,primary,suspension,22.451600194695217
354,GDSC_0355,CL_0355,skin,sarcoma,metastasis,suspension,58.06343328400682
355,GDSC_0356,CL_0356,upper_aerodigestive_tract,squamous_cell_carcinoma,metastasis,adherent,38.31692515137543
356,GDSC_0357,CL_0357,breast,sarcoma,metastasis,adherent,66.04211184067552
357,GDSC_0358,CL_0358,blood,melanoma,metastasis,adherent,47.541019715601735
358,GDSC_0359,CL_0359,stomach,squamous_cell_carcinoma,primary,suspension,49.89361320555123
359,GDSC_0360,CL_0360,thyroid,carcinoma,primary,suspension,54.949497880925314
360,GDSC_0361,CL_0361,urogenital_system,melanoma,metastasis,suspension,34.37091823133607
361,GDSC_0362,CL_0362,breast,melanoma,primary,adherent,16.147967171197166
362,GDSC_0363,CL_0363,ovary,lymphoma,metastasis,adherent,38.71831530015993
363,GDSC_0364,CL_0364,liver,neuroblastoma,metastasis,suspension,17.715690477277576
364,GDSC_0365,CL_0365,upper_aerodigestive_tract,neuroblastoma,primary,suspension,27.488005962067653
365,GDSC_0366,CL_0366,skin,leukemia,primary,adherent,58.40838754119604
366,GDSC_0367,CL_0367,brain,melanoma,primary,adherent,26.163027800787837
367,GDSC_0368,CL_0368,colon,lymphoma,metastasis,suspension,43.18643691336106
368,GDSC_0369,CL_0369,pancreas,neuroblastoma,primary,adherent,26.922856355257792
369,GDSC_0370,CL_0370,prostate,carcinoma,primary,suspension,33.55504487497473
370,GDSC_0371,CL_0371,prostate,leukemia,primary,adherent,44.01071551798174
371,GDSC_0372,CL_0372,upper_aerodigestive_tract,carcinoma,metastasis,suspension,38.782118790755135
372,GDSC_0373,CL_0373,thyroid,lymphoma,metastasis,adherent,18.71517716386367
373,GDSC_0374,CL_0374,soft_tissue,adenocarcinoma,primary,adherent,25.867854745658796
374,GDSC_0375,CL_0375,lung,melanoma,primary,suspension,22.80062624836341
375,GDSC_0376,CL_0376,skin,carcinoma,primary,adherent,14.494371543023526
376,GDSC_0377,CL_0377,pancreas,sarcoma,primary,suspension,69.90712178616273
377,GDSC_0378,CL_0378,prostate,adenocarcinoma,primary,suspension,70.38586488422078
378,GDSC_0379,CL_0379,liver,glioma,primary,adherent,41.33079481541521
379,GDSC_0380,CL_0380,stomach,lymphoma,metastasis,adherent,13.798415392360678
380,GDSC_0381,CL_0381,bone,sarcoma,metastasis,suspension,24.1112071273769
381,GDSC_0382,CL_0382,kidney,adenocarcinoma,primary,adherent,55.84976849225258
382,GDSC_0383,CL_0383,blood,leukemia,primary,suspension,27.31839148370591
383,GDSC_0384,CL_0384,lung,melanoma,primary,suspension,34.45780602838756
384,GDSC_0385,CL_0385,upper_aerodigestive_tract,mesothelioma,metastasis,adherent,46.23658479832978
385,GDSC_0386,CL_0386,stomach,glioma,primary,suspension,67.12066781961026
386,GDSC_0387,CL_0387,lung,squamous_cell_carcinoma,primary,suspension,61.610333022712645
387,GDSC_0388,CL_0388,urogenital_system,leukemia,primary,suspension,32.91442003451823
388,GDSC_0389,CL_0389,breast,adenocarcinoma,metastasis,suspension,31.08669321708717
389,GDSC_0390,CL_0390,lung,neuroblastoma,primary,suspension,57.14566575693435
390,GDSC_0391,CL_0391,bone,neuroblastoma,primary,suspension,51.03069886750295
391,GDSC_0392,CL_0392,blood,sarcoma,metastasis,adherent,60.47075651647552
392,GDSC_0393,CL_0393,bone,neuroblastoma,primary,adherent,64.13403753243426
393,GDSC_0394,CL_0394,lung,glioma,metastasis,suspension,50.94447952766358
394,GDSC_0395,CL_0395,thyroid,carcinoma,metastasis,suspension,35.770361496555324
395,GDSC_0396,CL_0396,lung,carcinoma,metastasis,adherent,38.66516716507209
396,GDSC_0397,CL_0397,blood,mesothelioma,primary,adherent,22.10666310856318
397,GDSC_0398,CL_0398,soft_tissue,mesothelioma,metastasis,suspension,42.02671854784449
398,GDSC_0399,CL_0399,kidney,adenocarcinoma,metastasis,suspension,13.53852394838614
399,GDSC_0400,CL_0400,stomach,leukemia,metastasis,suspension,46.81034215363994
400,GDSC_0401,CL_0401,stomach,sarcoma,primary,adherent,57.8929956925277
401,GDSC_0402,CL_0402,blood,adenocarcinoma,metastasis,adherent,43.27404794912006
402,GDSC_0403,CL_0403,prostate,melanoma,metastasis,adherent,16.276816203309835
403,GDSC_0404,CL_0404,thyroid,neuroblastoma,metastasis,adherent,34.804470536232316
404,GDSC_0405,CL_0405,brain,leukemia,primary,suspension,23.673499391118057
405,GDSC_0406,CL_0406,soft_tissue,sarcoma,metastasis,adherent,29.09237411771537
406,GDSC_0407,CL_0407,thyroid,squamous_cell_carcinoma,metastasis,suspension,17.377580349296526
407,GDSC_0408,CL_0408,breast,carcinoma,primary,suspension,61.39044093573962
408,GDSC_0409,CL_0409,prostate,melanoma,primary,suspension,22.886300861737617
409,GDSC_0410,CL_0410,bone,melanoma,primary,suspension,59.60443548887024
410,GDSC_0411,CL_0411,pancreas,glioma,metastasis,suspension,41.01273880319548
411,GDSC_0412,CL_0412,liver,lymphoma,primary,suspension,14.60475197128915
412,GDSC_0413,CL_0413,pancreas,melanoma,metastasis,suspension,42.910510220023895
413,GDSC_0414,CL_0414,ovary,mesothelioma,primary,adherent,48.6588593310595
414,GDSC_0415,CL_0415,pancreas,glioma,metastasis,suspension,45.398223476203036
415,GDSC_0416,CL_0416,skin,sarcoma,metastasis,suspension,61.3568591108207
416,GDSC_0417,CL_0417,liver,mesothelioma,primary,suspension,57.99936811202436
417,GDSC_0418,CL_0418,pancreas,carcinoma,primary,suspension,21.17902804971376
418,GDSC_0419,CL_0419,upper_aerodigestive_tract,squamous_cell_carcinoma,metastasis,suspension,40.373517937990925
419,GDSC_0420,CL_0420,upper_aerodigestive_tract,lymphoma,metastasis,adherent,50.51829002659596
420,GDSC_0421,CL_0421,liver,mesothelioma,primary,suspension,49.92092916122511
421,GDSC_0422,CL_0422,breast,squamous_cell_carcinoma,primary,adherent,52.55047470524256
422,GDSC_0423,CL_0423,pancreas,lymphoma,primary,adherent,55.471011083917084
423,GDSC_0424,CL_0424,prostate,melanoma,metastasis,suspension,61.12242342715396
424,GDSC_0425,CL_0425,brain,mesothelioma,metastasis,suspension,66.33148753978043
425,GDSC_0426,CL_0426,bone,sarcoma,metastasis,adherent,65.6514524798471
426,GDSC_0427,CL_0427,colon,neuroblastoma,metastasis,adherent,25.59938413361928
427,GDSC_0428,CL_0428,ovary,melanoma,metastasis,adherent,43.14358745449622
428,GDSC_0429,CL_0429,breast,leukemia,metastasis,adherent,50.410093429689965
429,GDSC_0430,CL_0430,kidney,lymphoma,metastasis,suspension,52.80791586620708
430,GDSC_0431,CL_0431,stomach,mesothelioma,primary,suspension,52.16921731189141
431,GDSC_0432,CL_0432,stomach,adenocarcinoma,metastasis,adherent,71.72882944225542
432,GDSC_0433,CL_0433,kidney,lymphoma,metastasis,suspension,69.45751707032281
433,GDSC_0434,CL_0434,bone,neuroblastoma,primary,suspension,36.568671180312236
434,GDSC_0435,CL_0435,urogenital_system,carcinoma,metastasis,suspension,70.87418246065823
435,GDSC_0436,CL_0436,colon,melanoma,metastasis,adherent,21.144960799825046
436,GDSC_0437,CL_0437,skin,sarcoma,metastasis,suspension,44.39742781683358
437,GDSC_0438,CL_0438,blood,lymphoma,metastasis,suspension,57.316225229808474
438,GDSC_0439,CL_0439,lung,leukemia,metastasis,suspension,58.92168526022316
439,GDSC_0440,CL_0440,breast,sarcoma,primary,adherent,27.786754194650573
440,GDSC_0441,CL_0441,breast,neuroblastoma,primary,suspension,68.21746938186376
441,GDSC_0442,CL_0442,ovary,carcinoma,primary,adherent,35.818891024457
442,GDSC_0443,CL_0443,brain,adenocarcinoma,primary,suspension,67.16351839286504
443,GDSC_0444,CL_0444,prostate,lymphoma,metastasis,adherent,35.46256578349047
444,GDSC_0445,CL_0445,stomach,carcinoma,metastasis,suspension,61.0469825094715
445,GDSC_0446,CL_0446,colon,glioma,metastasis,suspension,55.2853240397239
446,GDSC_0447,CL_0447,colon,melanoma,metastasis,suspension,16.85515698307513
447,GDSC_0448,CL_0448,colon,adenocarcinoma,primary,suspension,25.416866069778674
448,GDSC_0449,CL_0449,soft_tissue,sarcoma,metastasis,suspension,67.96384442857529
449,GDSC_0450,CL_0450,breast,neuroblastoma,primary,suspension,30.823661471645764
450,GDSC_0451,CL_0451,soft_tissue,carcinoma,metastasis,suspension,57.88858805417973
451,GDSC_0452,CL_0452,colon,squamous_cell_carcinoma,primary,suspension,20.782439529734948
452,GDSC_0453,CL_0453,breast,glioma,primary,suspension,42.366453290805055
453,GDSC_0454,CL_0454,thyroid,sarcoma,primary,suspension,58.60341782830156
454,GDSC_0455,CL_0455,bone,sarcoma,metastasis,adherent,18.339881055704634
455,GDSC_0456,CL_0456,blood,adenocarcinoma,metastasis,adherent,21.12149118771889
456,GDSC_0457,CL_0457,skin,squamous_cell_carcinoma,metastasis,suspension,24.7053210399287
457,GDSC_0458,CL_0458,prostate,adenocarcinoma,primary,adherent,53.702113731513194
458,GDSC_0459,CL_0459,ovary,melanoma,primary,adherent,20.53496212123177
459,GDSC_0460,CL_0460,ovary,squamous_cell_carcinoma,primary,suspension,53.49708333415916
460,GDSC_0461,CL_0461,lung,sarcoma,metastasis,adherent,25.733676290796815
461,GDSC_0462,CL_0462,skin,melanoma,metastasis,suspension,22.42515573973767
462,GDSC_0463,CL_0463,brain,lymphoma,primary,suspension,19.842622604411968
463,GDSC_0464,CL_0464,colon,melanoma,primary,suspension,40.898090792091736
464,GDSC_0465,CL_0465,liver,leukemia,primary,suspension,69.82933652894106
465,GDSC_0466,CL_0466,breast,leukemia,metastasis,suspension,27.588792524702054
466,GDSC_0467,CL_0467,pancreas,melanoma,metastasis,suspension,44.1186078871555
467,GDSC_0468,CL_0468,lung,leukemia,metastasis,suspension,49.75792836064417
468,GDSC_0469,CL_0469,skin,sarcoma,primary,adherent,27.95106819925881
469,GDSC_0470,CL_0470,prostate,leukemia,metastasis,suspension,17.884954847054676
470,GDSC_0471,CL_0471,brain,adenocarcinoma,metastasis,suspension,56.241424643267976
471,GDSC_0472,CL_0472,kidney,squamous_cell_carcinoma,primary,adherent,35.66857671420212
472,GDSC_0473,CL_0473,blood,mesothelioma,primary,suspension,65.52508133641406
473,GDSC_0474,CL_0474,ovary,carcinoma,metastasis,adherent,68.5698684847957
474,GDSC_0475,CL_0475,breast,carcinoma,metastasis,suspension,14.3055809377395
475,GDSC_0476,CL_0476,kidney,leukemia,metastasis,adherent,41.727126207658905
476,GDSC_0477,CL_0477,kidney,lymphoma,metastasis,adherent,48.836015085603705
477,GDSC_0478,CL_0478,bone,squamous_cell_carcinoma,primary,suspension,71.29651626000788
478,GDSC_0479,CL_0479,skin,glioma,primary,suspension,17.087520962748194
479,GDSC_0480,CL_0480,prostate,carcinoma,primary,adherent,16.275403665915515
480,GDSC_0481,CL_0481,upper_aerodigestive_tract,leukemia,metastasis,adherent,35.25571388896617
481,GDSC_0482,CL_0482,soft_tissue,sarcoma,primary,suspension,58.47921187087091
482,GDSC_0483,CL_0483,liver,squamous_cell_carcinoma,metastasis,adherent,22.44656012004506
483,GDSC_0484,CL_0484,skin,leukemia,metastasis,suspension,57.86235973330416
484,GDSC_0485,CL_0485,pancreas,lymphoma,primary,suspension,42.879455194410696
485,GDSC_0486,CL_0486,upper_aerodigestive_tract,glioma,metastasis,suspension,49.47981413125583
486,GDSC_0487,CL_0487,breast,adenocarcinoma,primary,adherent,27.32480908111317
487,GDSC_0488,CL_0488,brain,neuroblastoma,primary,adherent,43.8181279949495
488,GDSC_0489,CL_0489,pancreas,leukemia,metastasis,suspension,40.460166594372836
489,GDSC_0490,CL_0490,breast,lymphoma,primary,adherent,67.21783087316446
490,GDSC_0491,CL_0491,urogenital_system,adenocarcinoma,primary,suspension,32.296050359669906
491,GDSC_0492,CL_0492,kidney,adenocarcinoma,primary,adherent,34.3300214302508
492,GDSC_0493,CL_0493,soft_tissue,mesothelioma,primary,suspension,68.58455026468246
493,GDSC_0494,CL_0494,stomach,squamous_cell_carcinoma,metastasis,adherent,50.74864875931236
494,GDSC_0495,CL_0495,colon,mesothelioma,metastasis,suspension,63.68219978180616
495,GDSC_0496,CL_0496,upper_aerodigestive_tract,neuroblastoma,primary,suspension,50.16424582378951
496,GDSC_0497,CL_0497,kidney,glioma,metastasis,adherent,22.835675890518054
497,GDSC_0498,CL_0498,prostate,lymphoma,metastasis,adherent,28.159877898121504
498,GDSC_0499,CL_0499,bone,adenocarcinoma,metastasis,adherent,53.117880966952406
499,GDSC_0500,CL_0500,thyroid,squamous_cell_carcinoma,primary,suspension,32.54301816201279
